{
 "type": "GenericCrafter", 
 "name": "Фабрика Тёмной Материи", 
 "description": ". . . ", 
 "health": 100,
 "size": 2,
 "requirements": [
   {"item": "copper", "amount": 200}, 
   {"item": "lead",  "amount": 100}, 
   {"item": "titanium", "amount": 200}
  ], 
 "research": "light_materia_factory", 
 "hasPower": true, 
 "hasItems": true, 
 "hasLiquids": false, 
 "craftTime": 90,
    "consumes": {
       "power": 40
    }, 
 "updateEffect": "smeltsmoke", 
 "category": "crafting", 
 "idleSoundVolume": 0.5,
 "itemCapacity": 20,
 "outputItem": {"item": "black_materia", "amount": 1}
}