{
 "type": "GenericCrafter", 
 "name": "Фабрика Карбона", 
 "description": ". . . ", 
 "health": 100,
 "size": 3,
 "requirements": [
   {"item": "lead", "amount": 250}, 
   {"item": "stal",  "amount": 200}, 
   {"item": "titanium", "amount": 200}
  ], 
 "research": "chemical-099_factory", 
 "hasPower": true, 
 "hasItems": true, 
 "hasLiquids": false, 
 "craftTime": 50,
    "consumes": {
       "power": 6,
          "items": {
              "items": [
                   {"item": "chemical-099", "amount": 2}, 
                   {"item": "stal", "amount": 1}, 
                   {"item": "titanium", "amount": 3}
                ]
            }
    }, 
 "updateEffect": "smeltsmoke", 
 "category": "crafting", 
 "idleSoundVolume": 0.5,
 "itemCapacity": 20,
 "outputItem": {"item": "carbon", "amount": 1}
}