{
 "type": "GenericCrafter", 
 "name": "Фабрика Кошмарной Стали", 
 "description": "", 
 "health": 100,
 "size": 2,
 "requirements": [
   {"item": "lead", "amount": 200}, 
   {"item": "copper",  "amount": 300}, 
   {"item": "titanium", "amount": 200}
  ], 
 "research": "black_materia-factory", 
 "hasPower": true, 
 "hasItems": true, 
 "hasLiquids": false, 
 "craftTime": 90,
    "consumes": {
       "power": 4,
          "items": {
              "items": [
                   {"item": "black_materia", "amount": 3}, 
                   {"item": "titanium", "amount": 2}
                ]
            }
    }, 
 "updateEffect": "smeltsmoke", 
 "category": "crafting", 
 "idleSoundVolume": 0.5,
 "itemCapacity": 20,
 "outputItem": {"item": "nightmare_steel", "amount": 1}
}