{
 "type": "GenericCrafter", 
 "name": "Фабрика Соляриума", 
 "description": ".. . ", 
 "health": 100,
 "size": 2,
 "requirements": [
   {"item": "thorium", "amount": 200}, 
   {"item": "stal",  "amount": 30}, 
   {"item": "titanium", "amount": 200}
  ], 
 "research": "stardust_factory", 
 "hasPower": true, 
 "hasItems": true, 
 "hasLiquids": false, 
 "craftTime": 90,
    "consumes": {
       "power": 4,
          "items": {
              "items": [
                   {"item": "stardust", "amount": 3}
                ]
            }
    }, 
 "updateEffect": "smeltsmoke", 
 "category": "crafting", 
 "idleSoundVolume": 0.5,
 "itemCapacity": 20,
 "outputItem": {"item": "solarium", "amount": 1}
}