{
 "type": "GenericCrafter", 
 "name": "Фабрика Звёздной Пыли", 
 "description": ". . . ", 
 "health": 100,
 "size": 4,
 "requirements": [
   {"item": "lead", "amount": 200}, 
   {"item": "stal",  "amount": 30}, 
   {"item": "titanium", "amount": 200}
  ], 
 "research": "steel_factory", 
 "hasPower": true, 
 "hasItems": true, 
 "hasLiquids": false, 
 "craftTime": 50,
    "consumes": {
       "power": 4,
          "items": {
              "items": [
                   {"item": "light_materia", "amount": 4}, 
                   {"item": "thorium", "amount": 1}, 
                   {"item": "titanium", "amount": 3}
                ]
            }
    }, 
 "updateEffect": "smeltsmoke", 
 "category": "crafting", 
 "idleSoundVolume": 0.5,
 "itemCapacity": 20,
 "outputItem": {"item": "stardust", "amount": 1}
}