{
	"type": "NuclearReactor",
	"name": "Ядерный Реактор",
	"description": "Не зделайте новый Чернобыль :) ",
	"itemCapacity": 30,
 "liquidCapacity": 50,
 "buildCostMultiplier": 0.22,
	"size": 4,
	"heating": 0.01,
	"hasLiquids": true,
    "powerProduction": 200,
    "explosionDamage": 4000,
    "explosionRadius": 100,
    "coolantPower": 0.5,
    "itemDuration" : 200,
	"updateEffect": "nuclearsmoke",
	"consumes": {
		"item": "uranium",
		"liquid": {
			"liquid": "water",
			"amount": 0.10
		}
    },
	"requirements": [
        {"item": "metaglass", "amount": 50},
		{"item": "silicon", "amount": 240},
		{"item": "titanium", "amount": 180},
        {"item": "graphite", "amount": 130},
		{"item": "solarium", "amount": 140}
	],
	"category": "power",
	"research": "duo"
}
