{
	"type": "PowerTurret",
	"name": "Нова",
	"description":"",
	"size": 3,
	"health": 3400,
	"reloadTime": 30,
	"range": 380,
	"shootSound" : "laser",
	"restitution" : 0.1,
	"shootEffect": "lightningShoot",
	"inaccuracy": 5,
	"powerUse": 12,
	"targetAir" : false, 
	"targetGround" : true, 
	"recoilAmount" : 6,
	"shootShake": 2,
	"chargeTime" : 3,
	"chargeEffects" : 15,
	 
	"chargeEffect" : "lancerLaserCharge",
	"chargeBeginEffect" : "lancerLaserChargeBegin",

	"shootType": {
		"type": "LaserBulletType",
		"damage": 150,
		"length": 350,
		"lifetime": 32,
		"width" : 40,
		"hitEffect": "hitLancer"
	},
	"requirements": [
		{ "item": "silicon", "amount": 540 },
		{ "item": "surge-alloy", "amount": 120},
		{ "item": "graphite", "amount": 140 }
	],
	"category": "turret",
	"research": "lancer"
}